Date,AAPL,QQQ,SPY,TSLA
2020-01-02,72.3338851928711,208.31752014160156,296.8881530761719,28.68400001525879
2020-01-03,71.63063049316406,206.40940856933594,294.6400451660156,29.534000396728516
2020-01-06,72.20142364501953,207.73931884765625,295.76409912109375,30.1026668548584
2020-01-07,71.86187744140625,207.71038818359375,294.9325256347656,31.270666122436523
2020-01-08,73.01781463623047,209.27162170410156,296.5044250488281,32.80933380126953
2020-01-09,74.56880950927734,211.04486083984375,298.5149230957031,32.089332580566406
2020-01-10,74.73736572265625,210.5052032470703,297.6557922363281,31.876667022705078
2020-01-13,76.33409881591797,212.93377685546875,299.7030029296875,34.990665435791016
2020-01-14,75.30332946777344,212.0953369140625,299.2459716796875,35.861331939697266
2020-01-15,74.9806137084961,212.18209838867188,299.9222106933594,34.56666564941406
2020-01-16,75.91985321044922,214.2154998779297,302.4170837402344,34.232666015625
2020-01-17,76.76036071777344,215.27560424804688,303.3584289550781,34.03333282470703
2020-01-21,76.24016571044922,215.17919921875,302.7642822265625,36.47999954223633
2020-01-22,76.51229858398438,215.74783325195312,302.8008728027344,37.97066879272461
2020-01-23,76.88076782226562,216.441650390625,303.14813232421875,38.14666748046875
2020-01-24,76.65922546386719,214.62026977539062,300.4522705078125,37.654666900634766
2020-01-27,74.405029296875,210.1871795654297,295.63616943359375,37.201332092285156
2020-01-28,76.50990295410156,213.4156494140625,298.73419189453125,37.793331146240234
2020-01-29,78.1114273071289,213.76255798339844,298.48748779296875,38.732666015625
2020-01-30,77.99822998046875,214.52392578125,299.4562072753906,42.72066879272461
2020-01-31,74.53990173339844,211.12196350097656,294.0186767578125,43.371334075927734
2020-02-03,74.33519744873047,214.31187438964844,296.20269775390625,52.0
2020-02-04,76.78926849365234,219.21719360351562,300.7173156738281,59.137332916259766
2020-02-05,77.41544342041016,219.94000244140625,304.19000244140625,48.97999954223633
2020-02-06,78.32095336914062,221.83851623535156,305.2134704589844,49.930667877197266
2020-02-07,77.25635528564453,220.8844451904297,303.5868225097656,49.871334075927734
2020-02-10,77.623291015625,223.55397033691406,305.85321044921875,51.41866683959961
2020-02-11,77.15496826171875,223.5924835205078,306.3832092285156,51.62533187866211
2020-02-12,78.98724365234375,225.7705078125,308.35723876953125,51.15266799926758
2020-02-13,78.42476654052734,225.48141479492188,308.0282287597656,53.599998474121094
2020-02-14,78.4440689086914,226.1270751953125,308.5216979980469,53.33533477783203
2020-02-18,77.00772094726562,226.2138214111328,307.7266845703125,57.22666549682617
2020-02-19,78.12300109863281,228.38217163085938,309.197998046875,61.16133117675781
2020-02-20,77.32152557373047,226.26199340820312,307.927734375,59.96066665649414
2020-02-21,75.57135772705078,221.9156036376953,304.756591796875,60.06666564941406
2020-02-24,71.98169708251953,213.35780334472656,294.64923095703125,55.58599853515625
2020-02-25,69.54351806640625,207.55618286132812,285.7207336425781,53.32733154296875
2020-02-26,70.646728515625,208.6259307861328,284.6697692871094,51.91999816894531
2020-02-27,66.0286865234375,198.17922973632812,271.8847961425781,45.266666412353516
2020-02-28,65.99006652832031,198.3334503173828,270.7424621582031,44.53266525268555
2020-03-02,72.13377380371094,208.56809997558594,282.46746826171875,49.574668884277344
2020-03-03,69.84285736083984,201.87989807128906,274.379638671875,49.70066833496094
2020-03-04,73.08251953125,210.30284118652344,285.9125671386719,49.96666717529297
2020-03-05,70.7119140625,203.9133758544922,276.4084167480469,48.30266571044922
2020-03-06,69.77285766601562,200.47286987304688,271.8391418457031,46.89866638183594
2020-03-09,64.25437927246094,186.54713439941406,250.6099853515625,40.53333282470703
2020-03-10,68.88206481933594,196.70472717285156,263.5777587890625,43.02199935913086
2020-03-11,66.48979187011719,188.13726806640625,250.72872924804688,42.28200149536133
2020-03-12,59.9235954284668,170.88670349121094,226.73968505859375,37.369998931884766
2020-03-13,67.1029281616211,185.3617706298828,246.12286376953125,36.44133377075195
2020-03-16,58.4703483581543,163.15765380859375,219.19113159179688,29.67133331298828
2020-03-17,61.04129409790039,175.53179931640625,231.02574157714844,28.68000030517578
2020-03-18,59.5470085144043,170.1928253173828,219.32823181152344,24.08133316040039
2020-03-19,59.09074020385742,171.21434020996094,219.7943115234375,28.50933265686035
2020-03-20,55.33933639526367,164.5068817138672,210.3224334716797,28.50200080871582
2020-03-23,54.16370391845703,164.6256561279297,204.9448699951172,28.952667236328125
2020-03-24,59.59769821166992,177.37384033203125,223.5135498046875,33.66666793823242
2020-03-25,59.26939392089844,176.06039428710938,226.8595733642578,35.95000076293945
2020-03-26,62.3883171081543,185.33184814453125,240.10585021972656,35.21066665649414
2020-03-27,59.80530548095703,178.95774841308594,232.95419311523438,34.29066848754883
2020-03-30,61.51203155517578,185.467041015625,240.51950073242188,33.47533416748047
2020-03-31,61.386497497558594,183.8831787109375,236.93447875976562,34.93333435058594
2020-04-01,58.156517028808594,176.07003784179688,226.27130126953125,32.104000091552734
2020-04-02,59.12696075439453,179.64344787597656,231.49253845214844,30.29800033569336
2020-04-03,58.277225494384766,177.09373474121094,228.14654541015625,32.000667572021484
2020-04-06,63.361183166503906,189.75503540039062,243.47023010253906,34.41600036621094
2020-04-07,62.627315521240234,189.67779541015625,243.71852111816406,36.36333465576172
2020-04-08,64.230224609375,193.70509338378906,251.89976501464844,36.589332580566406
2020-04-09,64.69373321533203,193.98509216308594,255.7329864501953,38.20000076293945
2020-04-13,65.96351623535156,196.0808868408203,253.39816284179688,43.39666748046875
2020-04-14,69.29489135742188,204.60867309570312,260.8714904785156,47.32600021362305
2020-04-15,68.66241455078125,202.26181030273438,255.3284912109375,48.65533447265625
2020-04-16,69.20796966552734,205.95111083984375,256.560302734375,49.680667877197266
2020-04-17,68.26890563964844,207.92120361328125,263.4913635253906,50.259334564208984
2020-04-20,66.85188293457031,205.45855712890625,258.84918212890625,49.75733184814453
2020-04-21,64.78544616699219,197.8772430419922,250.9896697998047,45.781333923339844
2020-04-22,66.6515121459961,203.74911499023438,256.560302734375,48.807334899902344
2020-04-23,66.3932113647461,203.3145294189453,256.54193115234375,47.04199981689453
2020-04-24,68.3099365234375,206.5208740234375,260.1177062988281,48.34333419799805
2020-04-27,68.35823059082031,208.18203735351562,263.8681640625,53.25
2020-04-28,67.25018310546875,204.26097106933594,262.6548767089844,51.27466583251953
2020-04-29,69.45903015136719,211.5042724609375,269.5307922363281,53.367332458496094
2020-04-30,70.92436218261719,211.41732788085938,267.021240234375,52.12533187866211
2020-05-01,69.78250122070312,205.45855712890625,259.95233154296875,46.75466537475586
2020-05-04,70.76985168457031,207.85362243652344,260.6692810058594,50.74599838256836
2020-05-05,71.83203125,210.2101593017578,263.0777282714844,51.2140007019043
2020-05-06,72.57312774658203,211.5042724609375,261.2944030761719,52.172000885009766
2020-05-07,73.32389068603516,214.227783203125,264.4473571777344,52.00266647338867
2020-05-08,75.06913757324219,217.16368103027344,268.8229675292969,54.62799835205078
2020-05-11,76.25035858154297,219.10491943359375,268.8782043457031,54.08599853515625
2020-05-12,75.37896728515625,214.5174560546875,263.51898193359375,53.96066665649414
2020-05-13,74.46881103515625,211.83267211914062,258.8583984375,52.73066711425781
2020-05-14,74.92633056640625,214.2374267578125,261.9562072753906,53.55533218383789
2020-05-15,74.48336029052734,215.6280975341797,263.1604919433594,53.27799987792969
2020-05-18,76.2382583618164,219.64573669433594,271.1761474609375,54.242000579833984
2020-05-19,75.79772186279297,219.09527587890625,268.39093017578125,53.867332458496094
2020-05-20,77.27185821533203,223.47023010253906,272.9503173828125,54.37066650390625
2020-05-21,76.69576263427734,221.03646850585938,271.06591796875,55.17333221435547
2020-05-22,77.18954467773438,221.7993927001953,271.5806884765625,54.45866775512695
2020-05-26,76.66670989990234,221.2006072998047,274.92669677734375,54.591331481933594
2020-05-27,77.0007553100586,222.40786743164062,279.01739501953125,54.68199920654297
2020-05-28,77.03463745117188,222.11814880371094,278.5025939941406,53.72066879272461
2020-05-29,76.9595947265625,225.37277221679688,279.7436218261719,55.66666793823242
2020-06-01,77.90604400634766,226.04881286621094,280.8742370605469,59.87333297729492
2020-06-02,78.2667007446289,227.56507873535156,283.1998596191406,58.770668029785156
2020-06-03,78.69756317138672,228.5887908935547,286.96881103515625,58.86399841308594
2020-06-04,78.01981353759766,226.98562622070312,286.2149963378906,57.62533187866211
2020-06-05,80.24188232421875,231.48611450195312,293.5505676269531,59.04399871826172
2020-06-08,80.7163314819336,233.282470703125,297.098876953125,63.327999114990234
2020-06-09,83.26516723632812,234.97256469726562,294.8834228515625,62.711334228515625
2020-06-10,85.4073715209961,237.79261779785156,293.23797607421875,68.336669921875
2020-06-11,81.30694580078125,226.0102081298828,276.3330993652344,64.85600280761719
2020-06-12,82.00888061523438,227.80653381347656,279.6423645019531,62.35200119018555
2020-06-15,83.02313232421875,230.57833862304688,282.2530517578125,66.05999755859375
2020-06-16,85.22342681884766,234.53794860839844,287.685791015625,65.47533416748047
2020-06-17,85.10482025146484,235.28160095214844,286.49078369140625,66.11933135986328
2020-06-18,85.13870239257812,235.91903686523438,286.60107421875,66.9306640625
2020-06-19,84.65216827392578,235.88038635253906,284.96319580078125,66.72666931152344
2020-06-22,86.86698150634766,238.70921325683594,286.79132080078125,66.28800201416016
2020-06-23,88.72112274169922,240.74082946777344,288.1116027832031,66.78533172607422
2020-06-24,87.15502166748047,235.77786254882812,280.76226806640625,64.0566635131836
2020-06-25,88.31206512451172,238.0222930908203,283.7721252441406,65.73200225830078
2020-06-26,85.59860229492188,232.40142822265625,277.0321044921875,63.982666015625
2020-06-29,87.57137298583984,234.9361572265625,281.1038513183594,67.29000091552734
2020-06-30,88.30239868164062,239.54124450683594,284.70477294921875,71.98733520507812
2020-07-01,88.1353759765625,242.337158203125,286.69903564453125,74.64199829101562
2020-07-02,88.1353759765625,243.98179626464844,288.2778015136719,80.57733154296875
2020-07-06,90.49299621582031,249.9800262451172,292.72808837890625,91.43866729736328
2020-07-07,90.21222686767578,248.25791931152344,289.7088317871094,92.65733337402344
2020-07-08,92.3132553100586,251.52798461914062,291.9247131347656,91.05867004394531
2020-07-09,92.71024322509766,253.64666748046875,290.2628173828125,92.9520034790039
2020-07-10,92.87242889404297,255.37840270996094,293.2265625,102.97666931152344
2020-07-13,92.44398498535156,250.12510681152344,290.6876220703125,99.80400085449219
2020-07-14,93.97377014160156,251.89556884765625,294.4545593261719,101.12000274658203
2020-07-15,94.62007141113281,252.4083709716797,297.15985107421875,103.06732940673828
2020-07-16,93.45579528808594,250.68624877929688,296.18109130859375,100.04266357421875
2020-07-17,93.26697540283203,250.9765625,297.039794921875,100.05599975585938
2020-07-20,95.23246765136719,258.0969543457031,299.4403381347656,109.53333282470703
2020-07-21,93.91810607910156,255.40748596191406,300.0774841308594,104.55733489990234
2020-07-22,94.18196105957031,256.30712890625,301.7854919433594,106.15533447265625
2020-07-23,89.89512634277344,249.61239624023438,298.18463134765625,100.87133026123047
2020-07-24,89.67245483398438,247.24215698242188,296.2642517089844,94.46666717529297
2020-07-27,91.79766845703125,251.6537322998047,298.42474365234375,102.63999938964844
2020-07-28,90.2896728515625,248.4514617919922,296.5319519042969,98.43267059326172
2020-07-29,92.0204086303711,251.31509399414062,300.1789245605469,99.94066619873047
2020-07-30,93.13384246826172,252.63084411621094,299.1078796386719,99.16600036621094
2020-07-31,102.8839111328125,257.13909912109375,301.4715881347656,95.38400268554688
2020-08-03,105.47634887695312,260.6123352050781,303.5673828125,99.0
2020-08-04,106.18070983886719,261.57977294921875,304.739990234375,99.13333129882812
2020-08-05,106.56558990478516,262.2279968261719,306.6326904296875,99.00133514404297
2020-08-06,110.2835693359375,265.7010498046875,308.682373046875,99.30533599853516
2020-08-07,107.77619934082031,262.63433837890625,308.9040222167969,96.84733581542969
2020-08-10,109.34270477294922,261.5120849609375,309.8272705078125,94.57133483886719
2020-08-11,106.09085845947266,256.5587463378906,307.269775390625,91.6259994506836
2020-08-12,109.6167221069336,263.0115966796875,311.55389404296875,103.65066528320312
2020-08-13,111.55668640136719,263.61138916015625,310.99053955078125,108.06666564941406
2020-08-14,111.4572525024414,263.3018493652344,310.9998779296875,110.04733276367188
2020-08-17,111.16624450683594,266.35906982421875,311.98773193359375,122.3759994506836
2020-08-18,112.09257507324219,268.9227294921875,312.6618347167969,125.80599975585938
2020-08-19,112.23323822021484,267.1136474609375,311.3598937988281,125.23533630371094
2020-08-20,114.72362518310547,270.8189697265625,312.32940673828125,133.45533752441406
2020-08-21,120.6356201171875,272.6957702636719,313.4374084472656,136.6653289794922
2020-08-24,122.07846069335938,274.3985290527344,316.6134948730469,134.27999877929688
2020-08-25,121.07695770263672,276.55596923828125,317.7213134765625,134.8893280029297
2020-08-26,122.72349548339844,282.45745849609375,320.90673828125,143.54466247558594
2020-08-27,121.25640106201172,281.5769958496094,321.6084289550781,149.25
2020-08-28,121.05998229980469,283.0087890625,323.68572998046875,147.55999755859375
2020-08-31,125.16539001464844,285.2823486328125,322.5133056640625,166.10667419433594
2020-09-01,130.1510467529297,290.1584167480469,325.5509033203125,158.35000610351562
2020-09-02,127.45451354980469,292.90582275390625,330.2596435546875,149.1233367919922
2020-09-03,117.25041961669922,278.05548095703125,318.89398193359375,135.6666717529297
2020-09-04,117.32801055908203,274.3501281738281,316.29022216796875,139.44000244140625
2020-09-08,109.43243408203125,261.163818359375,307.6483154296875,110.06999969482422
2020-09-09,113.79731750488281,268.83575439453125,313.7236328125,122.09333038330078
2020-09-10,110.08232116699219,263.4760437011719,308.27618408203125,123.77999877929688
2020-09-11,108.63704681396484,261.6475830078125,308.4331359863281,124.23999786376953
2020-09-14,111.89616394042969,266.20416259765625,312.49560546875,139.8733367919922
2020-09-15,112.07077026367188,269.97723388671875,314.0744934082031,149.9199981689453
2020-09-16,108.7631607055664,265.67218017578125,312.8280029296875,147.25332641601562
2020-09-17,107.0268783569336,261.5216979980469,310.0765686035156,141.14332580566406
2020-09-18,103.6319808959961,258.1840515136719,306.50677490234375,147.38333129882812
2020-09-21,106.77470397949219,258.8032531738281,303.0954895019531,149.79666137695312
2020-09-22,108.45275115966797,263.61138916015625,306.1823425292969,141.41000366210938
2020-09-23,103.90357971191406,255.56224060058594,299.0816955566406,126.78666687011719
2020-09-24,104.97055053710938,256.7522888183594,299.8788757324219,129.26333618164062
2020-09-25,108.90864562988281,262.72137451171875,304.7269287109375,135.77999877929688
2020-09-28,111.5081787109375,268.1778564453125,309.78826904296875,140.39999389648438
2020-09-29,110.66429138183594,266.9684753417969,308.1011047363281,139.69000244140625
2020-09-30,112.3326416015625,268.7969665527344,310.43719482421875,143.00332641601562
2020-10-01,113.28323364257812,273.0634460449219,312.4301452636719,149.3866729736328
2020-10-02,109.62642669677734,265.3818359375,309.4638671875,138.3633270263672
2020-10-05,113.00192260742188,271.0414733886719,314.95166015625,141.89332580566406
2020-10-06,109.76222229003906,266.20416259765625,310.4742126464844,137.9933319091797
2020-10-07,111.62455749511719,270.80926513671875,315.8785400390625,141.76666259765625
2020-10-08,111.51787567138672,272.2508239746094,318.67803955078125,141.97332763671875
2020-10-09,113.45781707763672,276.41082763671875,321.52386474609375,144.6666717529297
2020-10-12,120.66471099853516,284.9437561035156,326.6965026855469,147.43333435058594
2020-10-13,117.46380615234375,284.9341735839844,324.5644226074219,148.88333129882812
2020-10-14,117.55110931396484,282.55413818359375,322.5250244140625,153.76666259765625
2020-10-15,117.08553314208984,280.65789794921875,322.1264343261719,149.6266632080078
2020-10-16,115.4462661743164,279.1197509765625,321.9317626953125,146.55667114257812
2020-10-19,112.49755859375,274.56298828125,317.0373229980469,143.61000061035156
2020-10-20,113.98161315917969,275.15313720703125,318.3072814941406,140.64666748046875
2020-10-21,113.36082458496094,274.9403076171875,317.7046813964844,140.8800048828125
2020-10-22,112.2744369506836,274.93060302734375,319.44744873046875,141.92999267578125
2020-10-23,111.58574676513672,275.4723815917969,320.5320129394531,140.2100067138672
2020-10-26,111.59546661376953,271.34136962890625,314.60858154296875,140.0933380126953
2020-10-27,113.09891510009766,273.4600830078125,313.5240173339844,141.55999755859375
2020-10-28,107.8610610961914,262.7987060546875,302.80810546875,135.33999633789062
2020-10-29,111.85735321044922,267.3941650390625,305.8857727050781,136.94332885742188
2020-10-30,105.59134674072266,260.6123352050781,302.6969299316406,129.34666442871094
2020-11-02,105.50403594970703,261.1927795410156,306.08966064453125,133.50332641601562
2020-11-03,107.1239013671875,265.7108459472656,311.4939880371094,141.3000030517578
2020-11-04,111.4984359741211,277.57171630859375,318.4556884765625,140.32666015625
2020-11-05,115.4559555053711,284.80828857421875,324.6663513183594,146.02999877929688
2020-11-06,115.32477569580078,285.0211181640625,324.59222412109375,143.31666564941406
2020-11-09,113.02200317382812,279.1971435546875,328.6708984375,140.4199981689453
2020-11-10,112.68190002441406,274.1954040527344,328.18890380859375,136.7866668701172
2020-11-11,116.10211944580078,280.3290710449219,330.6268310546875,139.0433349609375
2020-11-12,115.83004760742188,279.0132751464844,327.4195251464844,137.25332641601562
2020-11-13,115.87863159179688,281.46099853515625,331.9524841308594,136.1666717529297
2020-11-16,116.88912963867188,283.6570739746094,336.0960693359375,136.02999877929688
2020-11-17,116.00493621826172,282.7572937011719,334.2884521484375,147.20333862304688
2020-11-18,114.68350982666016,280.6676330566406,330.2653503417969,162.2133331298828
2020-11-19,115.27620697021484,282.8638000488281,331.65582275390625,166.42333984375
2020-11-20,114.01305389404297,280.9288330078125,329.38470458984375,163.20333862304688
2020-11-23,110.62201690673828,280.9385070800781,331.359130859375,173.9499969482422
2020-11-24,111.90459442138672,284.8857116699219,336.6985168457031,185.1266632080078
2020-11-25,112.74020385742188,286.6368408203125,336.1795654296875,191.3333282470703
2020-11-27,113.28433227539062,289.278076171875,337.1156921386719,195.25332641601562
2020-11-30,115.6745834350586,289.8680725097656,335.6233215332031,189.1999969482422
2020-12-01,119.24053192138672,293.5831604003906,339.2941589355469,194.9199981689453
2020-12-02,119.59032440185547,293.96038818359375,340.0079345703125,189.60667419433594
2020-12-03,119.45428466796875,294.37646484375,339.915283203125,197.7933349609375
2020-12-04,118.78386688232422,295.57611083984375,342.8445129394531,199.67999267578125
2020-12-07,120.2413330078125,297.2497863769531,342.1399841308594,213.9199981689453
2020-12-08,120.85346984863281,298.2558898925781,343.1411437988281,216.6266632080078
2020-12-09,118.32716369628906,291.5030517578125,340.06353759765625,201.4933319091797
2020-12-10,119.74579620361328,292.6736755371094,339.9522399902344,209.02333068847656
2020-12-11,118.93931579589844,292.0255126953125,339.5536804199219,203.3300018310547
2020-12-14,118.32716369628906,294.1441955566406,338.0334167480469,213.27667236328125
2020-12-15,124.25424194335938,297.2884826660156,342.6034851074219,211.0833282470703
2020-12-16,124.18620300292969,298.9234924316406,343.1411437988281,207.58999633789062
2020-12-17,125.05098724365234,300.877685546875,345.05999755859375,218.63333129882812
2020-12-18,123.0688247680664,299.96832275390625,343.68212890625,231.6666717529297
2020-12-21,124.59431457519531,299.4071350097656,342.453369140625,216.6199951171875
2020-12-22,128.14080810546875,300.22125244140625,341.87615966796875,213.44667053222656
2020-12-23,127.24691772460938,298.7093811035156,342.1833801269531,215.32666015625
2020-12-24,128.22828674316406,300.0274658203125,343.5146484375,220.58999633789062
2020-12-28,132.81442260742188,303.05133056640625,346.4657287597656,221.22999572753906
2020-12-29,131.0460205078125,303.32269287109375,345.8047790527344,221.99667358398438
2020-12-30,129.9286346435547,303.3323974609375,346.2981262207031,231.5933380126953
2020-12-31,128.92784118652344,304.0787048339844,348.0575866699219,235.22332763671875
2021-01-04,125.74085235595703,299.7850036621094,343.31915283203125,243.2566680908203
2021-01-05,127.29549407958984,302.256591796875,345.68365478515625,245.0366668701172
2021-01-06,123.0105209350586,298.069580078125,347.7503967285156,251.9933319091797
2021-01-07,127.2080078125,305.28057861328125,352.91705322265625,272.0133361816406
2021-01-08,128.30601501464844,309.20587158203125,354.9278259277344,293.3399963378906
2021-01-11,125.32303619384766,304.73773193359375,352.53533935546875,270.39666748046875
2021-01-12,125.14813232421875,304.2532043457031,352.60986328125,283.14666748046875
2021-01-13,127.17890167236328,306.3078308105469,353.5593566894531,284.8033447265625
2021-01-14,125.25505065917969,304.6698913574219,352.32122802734375,281.6666564941406
2021-01-15,123.53520965576172,302.256591796875,349.75189208984375,275.38665771484375
2021-01-19,124.20565032958984,306.66650390625,352.4981384277344,281.51666259765625
2021-01-20,128.2865753173828,313.79974365234375,357.3762512207031,283.48333740234375
2021-01-21,132.98934936523438,316.31005859375,357.7020263671875,281.663330078125
2021-01-22,135.1269989013672,315.3990173339844,356.43603515625,282.21331787109375
2021-01-25,138.86778259277344,318.0061340332031,357.8417053222656,293.6000061035156
2021-01-26,139.1010284423828,318.4714050292969,357.28314208984375,294.36334228515625
2021-01-27,138.0321807861328,309.5935974121094,348.551025390625,288.0533447265625
2021-01-28,133.203125,311.42523193359375,351.54864501953125,278.4766540527344
2021-01-29,128.21856689453125,304.8734436035156,344.51068115234375,264.510009765625
2021-02-01,130.33670043945312,312.4914245605469,350.2452697753906,279.9366760253906
2021-02-02,131.1626434326172,317.58941650390625,355.1978454589844,290.92999267578125
2021-02-03,130.1424102783203,316.3294982910156,355.47711181640625,284.89666748046875
2021-02-04,133.49459838867188,320.0705871582031,359.5174255371094,283.3299865722656
2021-02-05,133.08103942871094,321.1561584472656,360.9324035644531,284.07666015625
2021-02-08,133.22702026367188,323.3077087402344,363.5390625,287.8066711425781
2021-02-09,132.35118103027344,323.23992919921875,363.29705810546875,283.1533203125
2021-02-10,131.74789428710938,322.5033264160156,363.1387023925781,268.2733459472656
2021-02-11,131.494873046875,324.2768859863281,363.7251281738281,270.5533447265625
2021-02-12,131.72837829589844,326.08935546875,365.5219421386719,272.0400085449219
2021-02-16,129.60708618164062,325.2073669433594,365.20538330078125,265.40667724609375
2021-02-17,127.32026672363281,323.6470031738281,365.28924560546875,266.04998779296875
2021-02-18,126.22066497802734,322.23193359375,363.73443603515625,262.4599914550781
2021-02-19,126.37637329101562,320.8265380859375,363.0921630859375,260.4333190917969
2021-02-22,122.61048889160156,312.5107727050781,360.2993469238281,238.1666717529297
2021-02-23,122.47425079345703,311.5804138183594,360.73687744140625,232.94667053222656
2021-02-24,121.97796630859375,314.1487121582031,364.7120056152344,247.33999633789062
2021-02-25,117.7352523803711,303.1966857910156,355.924072265625,227.4066619873047
2021-02-26,117.99797821044922,304.46636962890625,354.0899963378906,225.1666717529297
2021-03-01,124.35232543945312,313.6253662109375,362.6732177734375,239.47666931152344
2021-03-02,121.75416564941406,308.59515380859375,359.84326171875,228.81333923339844
2021-03-03,118.77645874023438,299.6397705078125,355.0767822265625,217.73333740234375
2021-03-04,116.89837646484375,294.7355041503906,350.6828918457031,207.14666748046875
2021-03-05,118.15365600585938,299.174560546875,357.1341552734375,199.31666564941406
2021-03-08,113.22979736328125,290.7035827636719,355.3561706542969,187.6666717529297
2021-03-09,117.83257293701172,302.1693420410156,360.4296875,224.52667236328125
2021-03-10,116.75242614746094,301.3067626953125,362.6732177734375,222.68666076660156
2021-03-11,118.67915344238281,308.2463073730469,366.3504638671875,233.1999969482422
2021-03-12,117.774169921875,305.74566650390625,366.8438720703125,231.2433319091797
2021-03-15,120.65452575683594,309.01190185546875,369.0315856933594,235.97999572753906
2021-03-16,122.19204711914062,310.70806884765625,368.5660400390625,225.6266632080078
2021-03-17,121.4038314819336,311.9874267578125,369.8227844238281,233.93666076660156
2021-03-18,117.28763580322266,302.4310302734375,364.4420471191406,217.72000122070312
2021-03-19,116.76214599609375,303.4972229003906,363.7677001953125,218.2899932861328
2021-03-22,120.07069396972656,309.1887512207031,366.67236328125,223.3333282470703
2021-03-23,119.24356079101562,307.8398132324219,363.786376953125,220.72000122070312
2021-03-24,116.85945129394531,302.6480407714844,361.93701171875,210.08999633789062
2021-03-25,117.34600067138672,302.12396240234375,363.9731140136719,213.4633331298828
2021-03-26,117.94932556152344,306.65594482421875,369.8386535644531,206.23666381835938
2021-03-29,118.1244888305664,306.568603515625,369.6518249511719,203.76333618164062
2021-03-30,116.67456817626953,305.02557373046875,368.671142578125,211.8733367919922
2021-03-31,118.86405181884766,309.69342041015625,370.1654357910156,222.64332580566406
2021-04-01,119.69117736816406,314.9725341796875,374.16290283203125,220.5833282470703
2021-04-05,122.5131607055664,321.2608642578125,379.53326416015625,230.35000610351562
2021-04-06,122.8147964477539,321.0377197265625,379.30914306640625,230.5399932861328
2021-04-07,124.45936584472656,321.8140563964844,379.7481689453125,223.6566619873047
2021-04-08,126.85318756103516,325.17169189453125,381.55072021484375,227.93333435058594
2021-04-09,129.42214965820312,327.14166259765625,384.3245849609375,225.67333984375
2021-04-12,127.70952606201172,326.7147216796875,384.46478271484375,233.9933319091797
2021-04-13,130.8136749267578,330.5285339355469,385.60418701171875,254.10667419433594
2021-04-14,128.47828674316406,326.5594787597656,384.2873229980469,244.07666015625
2021-04-15,130.8817901611328,331.50872802734375,388.4154968261719,246.28334045410156
2021-04-16,130.55096435546875,331.8968505859375,389.7137145996094,246.5933380126953
2021-04-19,131.21263122558594,328.8594055175781,387.7990417480469,238.2100067138672
2021-04-20,129.52920532226562,326.46246337890625,384.95977783203125,239.663330078125
2021-04-21,129.90869140625,329.2572937011719,388.60235595703125,248.0399932861328
2021-04-22,128.3906707763672,325.28814697265625,385.05316162109375,239.89666748046875
2021-04-23,130.70668029785156,329.3835144042969,389.22796630859375,243.13333129882812
2021-04-26,131.09588623046875,331.528076171875,390.0406188964844,246.06666564941406
2021-04-27,130.77481079101562,330.091796875,389.95660400390625,234.913330078125
2021-04-28,129.98658752441406,328.9758605957031,389.844482421875,231.46665954589844
2021-04-29,129.88925170898438,330.1598205566406,392.3288879394531,225.6666717529297
2021-04-30,127.92363739013672,327.9957580566406,389.7511291503906,236.47999572753906
2021-05-03,128.9745330810547,326.2488708496094,390.59173583984375,228.3000030517578
2021-05-04,124.41069793701172,320.3778381347656,388.1819763183594,224.53334045410156
2021-05-05,124.65398406982422,319.3006286621094,388.303466796875,223.64666748046875
2021-05-06,126.24989318847656,321.707275390625,391.4042663574219,221.17999267578125
2021-05-07,126.9224624633789,324.3177490234375,394.2529296875,224.1233367919922
2021-05-10,123.64727783203125,316.1273498535156,390.3487548828125,209.67999267578125
2021-05-11,122.73101043701172,315.69061279296875,386.8650817871094,205.73333740234375
2021-05-12,119.67030334472656,307.5196228027344,378.6460266113281,196.6300048828125
2021-05-13,121.81474304199219,309.8970947265625,383.1944885253906,190.56333923339844
2021-05-14,124.23212432861328,316.7386779785156,389.0785827636719,196.5800018310547
2021-05-17,123.08191680908203,314.8172607421875,388.08856201171875,192.27667236328125
2021-05-18,121.69778442382812,312.6920471191406,384.7450256347656,192.6233367919922
2021-05-19,121.54180908203125,313.05108642578125,383.7362060546875,187.82000732421875
2021-05-20,124.09564971923828,319.10650634765625,387.86444091796875,195.5933380126953
2021-05-21,122.26312255859375,317.3403625488281,387.546875,193.6266632080078
2021-05-24,123.8909683227539,322.677734375,391.49761962890625,202.14666748046875
2021-05-25,123.6960220336914,323.1241760253906,390.6290588378906,201.56333923339844
2021-05-26,123.64727783203125,324.2498474121094,391.4042663574219,206.3766632080078
2021-05-27,122.1169204711914,323.03680419921875,391.6097106933594,210.28334045410156
2021-05-28,121.46382904052734,324.0556640625,392.3102722167969,208.4066619873047
2021-06-01,121.14217376708984,322.9785461425781,391.9646301269531,207.96665954589844
2021-06-02,121.90245819091797,323.6092834472656,392.5810241699219,201.7066650390625
2021-06-03,120.42085266113281,320.2419738769531,391.1240234375,190.94667053222656
2021-06-04,122.7115249633789,325.6763610839844,394.70123291015625,199.68333435058594
2021-06-07,122.72126770019531,326.64678955078125,394.3182678222656,201.7100067138672
2021-06-08,123.5400390625,326.802001953125,394.4023132324219,201.19667053222656
2021-06-09,123.92019653320312,326.879638671875,393.8139343261719,199.5933380126953
2021-06-10,122.92596435546875,330.2859191894531,395.6445007324219,203.3733367919922
2021-06-11,124.13465118408203,331.1495361328125,396.2983093261719,203.29666137695312
2021-06-14,127.18563079833984,334.3228759765625,397.18560791015625,205.89666748046875
2021-06-15,126.3668441772461,332.13946533203125,396.4571533203125,199.7866668701172
2021-06-16,126.86395263671875,330.9263610839844,394.2435607910156,201.6233367919922
2021-06-17,128.46253967285156,335.1283264160156,394.1127624511719,205.53334045410156
2021-06-18,127.16612243652344,332.4985656738281,388.7960205078125,207.77000427246094
2021-06-21,128.95965576171875,334.5649108886719,394.362060546875,206.94332885742188
2021-06-22,130.59727478027344,337.6836242675781,396.4703369140625,207.90333557128906
2021-06-23,130.32431030273438,337.8487854003906,395.99249267578125,218.85667419433594
2021-06-24,130.04164123535156,339.93768310546875,398.3351135253906,226.60667419433594
2021-06-25,129.74923706054688,339.5199279785156,399.75006103515625,223.9566650390625
2021-06-28,131.3770751953125,343.6490478515625,400.55584716796875,229.57333374023438
2021-06-29,132.88792419433594,344.89263916015625,400.7713623046875,226.9199981689453
2021-06-30,133.5020294189453,344.34844970703125,401.10870361328125,226.56666564941406
2021-07-01,133.80422973632812,344.4845275878906,403.32952880859375,225.97332763671875
2021-07-02,136.42628479003906,348.4388122558594,406.41241455078125,226.3000030517578
2021-07-06,138.4342498779297,349.9447326660156,405.67218017578125,219.86000061035156
2021-07-07,140.91989135742188,350.6831359863281,407.10577392578125,214.88333129882812
2021-07-08,139.6234588623047,348.5650634765625,403.78857421875,217.60333251953125
2021-07-09,141.4462432861328,350.7413635253906,408.0990905761719,218.98333740234375
2021-07-12,140.85166931152344,352.11126708984375,409.5608215332031,228.56666564941406
2021-07-13,141.962890625,352.11126708984375,408.1646423339844,222.84666442871094
2021-07-14,145.38426208496094,352.7427673339844,408.773681640625,217.7933349609375
2021-07-15,144.73114013671875,350.2652587890625,407.37750244140625,216.86666870117188
2021-07-16,142.6939239501953,347.4283752441406,404.18218994140625,214.74000549316406
2021-07-19,138.8534393310547,344.5816955566406,398.2132263183594,215.4066619873047
2021-07-20,142.4600067138672,348.58453369140625,403.9198913574219,220.1666717529297
2021-07-21,141.72891235351562,351.2757263183594,407.1900939941406,218.42999267578125
2021-07-22,143.0935821533203,353.59771728515625,408.0428161621094,216.4199981689453
2021-07-23,144.80914306640625,357.726806640625,412.2407531738281,214.4600067138672
2021-07-26,145.22825622558594,358.0085754394531,413.25274658203125,219.2066650390625
2021-07-27,143.06434631347656,354.0640563964844,411.3692932128906,214.92666625976562
2021-07-28,141.3195343017578,355.4242858886719,411.20062255859375,215.66000366210938
2021-07-29,141.962890625,356.0558776855469,412.9060363769531,225.78334045410156
2021-07-30,142.17730712890625,354.2000732421875,410.9007873535156,229.06666564941406
2021-08-02,141.84584045410156,354.2292785644531,410.0387268066406,236.55667114257812
2021-08-03,143.63943481445312,356.3764343261719,413.3746337890625,236.5800018310547
2021-08-04,143.2397918701172,356.891357421875,411.34124755859375,236.97332763671875
2021-08-05,143.34701538085938,359.15509033203125,413.9461975097656,238.2100067138672
2021-08-06,142.66366577148438,357.5811462402344,414.6302185058594,233.03334045410156
2021-08-09,142.61488342285156,358.2418518066406,414.2928466796875,237.9199981689453
2021-08-10,142.1365203857422,356.405517578125,414.8081970214844,236.663330078125
2021-08-11,142.39031982421875,355.7934875488281,415.83892822265625,235.94000244140625
2021-08-12,145.3482666015625,357.0758972167969,417.0852355957031,240.75
2021-08-13,145.5532684326172,358.3292236328125,417.8443298339844,239.05667114257812
2021-08-16,147.52520751953125,358.4846496582031,418.8280944824219,228.72332763671875
2021-08-17,146.6173095703125,355.3271484375,416.0826416015625,221.90333557128906
2021-08-18,142.87841796875,351.9072570800781,411.528564453125,229.663330078125
2021-08-19,143.21034240722656,353.607421875,412.1658630371094,224.49000549316406
2021-08-20,144.66490173339844,357.270263671875,415.44537353515625,226.75332641601562
2021-08-23,146.14874267578125,362.61376953125,419.0998840332031,235.43333435058594
2021-08-24,146.0608673095703,363.72137451171875,419.7651062011719,236.163330078125
2021-08-25,144.83087158203125,364.13909912109375,420.6460266113281,237.06666564941406
2021-08-26,144.03038024902344,361.8268127441406,418.162841796875,233.72000122070312
2021-08-27,145.0651397705078,365.3438720703125,421.9015808105469,237.30667114257812
2021-08-30,149.4775848388672,369.44378662109375,423.7569274902344,243.6366729736328
2021-08-31,148.2183380126953,369.1426696777344,423.129150390625,245.24000549316406
2021-09-01,148.8821258544922,369.7547607421875,423.35406494140625,244.69667053222656
2021-09-02,149.99501037597656,369.579833984375,424.656494140625,244.1300048828125
2021-09-03,150.6295928955078,370.716552734375,424.5534362792969,244.52333068847656
2021-09-07,152.9626922607422,371.2412109375,423.0353698730469,250.97332763671875
2021-09-08,151.42031860351562,369.948974609375,422.5200500488281,251.2899932861328
2021-09-09,150.40501403808594,368.6763000488281,420.7115478515625,251.6199951171875
2021-09-10,145.4263458251953,365.87823486328125,417.3945007324219,245.42333984375
2021-09-13,145.9925537109375,365.6256103515625,418.4626770019531,247.6666717529297
2021-09-14,144.59654235839844,364.5860595703125,416.2044372558594,248.163330078125
2021-09-15,145.4849090576172,367.29669189453125,419.680908203125,251.94332885742188
2021-09-16,145.25064086914062,367.54925537109375,419.0155334472656,252.3300018310547
2021-09-17,142.58558654785156,363.1966857910156,414.93389892578125,253.163330078125
2021-09-20,139.5397491455078,355.69189453125,408.0151672363281,243.38999938964844
2021-09-21,140.01809692382812,356.1295471191406,407.6298522949219,246.4600067138672
2021-09-22,142.38058471679688,359.4560546875,411.60614013671875,250.64666748046875
2021-09-23,143.33729553222656,362.77264404296875,416.607177734375,251.2133331298828
2021-09-24,143.42507934570312,363.1130676269531,417.2934265136719,258.1300048828125
2021-09-27,141.91200256347656,360.214599609375,416.09954833984375,263.78668212890625
2021-09-28,138.53427124023438,350.0213928222656,407.7143859863281,259.1866760253906
2021-09-29,139.43238830566406,349.4475402832031,408.4006042480469,260.4366760253906
2021-09-30,138.13404846191406,348.1636962890625,403.40899658203125,258.49334716796875
2021-10-01,139.2566680908203,350.3229675292969,408.2032165527344,258.40667724609375
2021-10-04,135.83021545410156,342.9698791503906,402.93902587890625,260.510009765625
2021-10-05,137.75331115722656,347.59954833984375,407.1315612792969,260.1966552734375
2021-10-06,138.62217712402344,349.8268737792969,408.82366943359375,260.9166564941406
2021-10-07,139.88145446777344,353.0365905761719,412.358154296875,264.53668212890625
2021-10-08,139.500732421875,351.276123046875,411.60614013671875,261.8299865722656
2021-10-11,139.41285705566406,348.58197021484375,408.6261901855469,263.9800109863281
2021-10-12,138.143798828125,347.36614990234375,407.6203918457031,268.5733337402344
2021-10-13,137.55807495117188,350.1478576660156,409.0867919921875,270.3599853515625
2021-10-14,140.34027099609375,356.5964050292969,415.9679870605469,272.7733459472656
2021-10-15,141.3946075439453,358.8432312011719,419.1358642578125,281.010009765625
2021-10-18,143.0638885498047,362.45166015625,420.3766784667969,290.03668212890625
2021-10-19,145.22134399414062,365.1944580078125,423.6198425292969,288.0899963378906
2021-10-20,145.70945739746094,364.7178649902344,425.28375244140625,288.6000061035156
2021-10-21,145.9241943359375,366.9452209472656,426.3929748535156,298.0
2021-10-22,145.1530303955078,363.8619689941406,425.9512023925781,303.2266540527344
2021-10-25,145.10418701171875,367.587158203125,428.2354736328125,341.6199951171875
2021-10-26,145.76805114746094,368.74456787109375,428.6209411621094,339.4766540527344
2021-10-27,145.3092041015625,369.6005554199219,426.7219543457031,345.9533386230469
2021-10-28,148.9407501220703,373.705078125,430.8393859863281,359.0133361816406
2021-10-29,146.23660278320312,375.5433044433594,431.71356201171875,371.3333435058594
2021-11-01,145.41661071777344,376.8271484375,432.456298828125,402.86334228515625
2021-11-02,146.45138549804688,378.40289306640625,434.2047119140625,390.6666564941406
2021-11-03,147.88641357421875,382.4197692871094,436.85565185546875,404.6199951171875
2021-11-04,147.36903381347656,387.3219299316406,438.9143981933594,409.9700012207031
2021-11-05,147.89691162109375,387.69146728515625,440.4372253417969,407.36334228515625
2021-11-08,147.07571411132812,387.1662902832031,440.8132019042969,387.64666748046875
2021-11-09,147.43746948242188,384.5013122558594,439.3560791015625,341.1666564941406
2021-11-10,144.6121063232422,378.85028076171875,435.8215637207031,355.98333740234375
2021-11-11,144.56320190429688,379.9007263183594,435.9626159667969,354.5033264160156
2021-11-12,146.63583374023438,383.89825439453125,439.252685546875,344.47332763671875
2021-11-15,146.64556884765625,383.81072998046875,439.40313720703125,337.7966613769531
2021-11-16,147.62322998046875,386.5437927246094,441.14227294921875,351.57666015625
2021-11-17,150.05751037597656,386.7480773925781,440.0705871582031,363.0033264160156
2021-11-18,154.3395538330078,390.7553405761719,441.56524658203125,365.4599914550781
2021-11-19,156.95962524414062,392.9339599609375,440.775634765625,379.0199890136719
2021-11-22,157.4191436767578,388.3722839355469,439.53472900390625,385.6233215332031
2021-11-23,157.80043029785156,386.6021728515625,440.1175842285156,369.6766662597656
2021-11-24,158.3185577392578,387.84716796875,441.29266357421875,372.0
2021-11-26,153.3032684326172,380.4940185546875,431.4504089355469,360.6400146484375
2021-11-29,156.65658569335938,388.75164794921875,436.74285888671875,378.9966735839844
2021-11-30,161.60345458984375,383.0423583984375,428.2449035644531,381.586669921875
2021-12-01,161.08526611328125,376.5256652832031,423.4882507324219,365.0
2021-12-02,160.0978546142578,379.2392883300781,429.9745788574219,361.5333251953125
2021-12-03,158.2207489013672,372.6448669433594,426.2332458496094,338.3233337402344
2021-12-06,161.6229705810547,375.630859375,431.28118896484375,336.336669921875
2021-12-07,167.35189819335938,386.9425354003906,440.20220947265625,350.5833435058594
2021-12-08,171.16468811035156,388.673828125,441.3678283691406,356.32000732421875
2021-12-09,170.6563262939453,382.9548034667969,438.3879089355469,334.6000061035156
2021-12-10,175.4369659423828,387.1176452636719,442.5146484375,339.010009765625
2021-12-13,171.80995178222656,381.5250244140625,438.5947265625,322.13665771484375
2021-12-14,170.4314422607422,377.5760803222656,435.57720947265625,319.5033264160156
2021-12-15,175.29029846191406,386.1838073730469,442.3830871582031,325.3299865722656
2021-12-16,168.4077606201172,376.25335693359375,438.48193359375,308.97332763671875
2021-12-17,167.3127899169922,374.3761291503906,433.81524658203125,310.8566589355469
2021-12-20,165.95388793945312,370.7445373535156,429.2022705078125,299.9800109863281
2021-12-21,169.1214599609375,379.0419616699219,436.8244934082031,312.84332275390625
2021-12-22,171.712158203125,383.6580505371094,441.1921691894531,336.2900085449219
2021-12-23,172.33787536621094,386.5505676269531,443.93731689453125,355.6666564941406
2021-12-27,176.2973175048828,392.939208984375,450.2198791503906,364.64666748046875
2021-12-28,175.28054809570312,391.11798095703125,449.85205078125,362.8233337402344
2021-12-29,175.36849975585938,391.0595703125,450.4274597167969,362.0633239746094
2021-12-30,174.21493530273438,389.8909606933594,449.1822509765625,356.7799987792969
2021-12-31,173.59898376464844,387.4562072753906,448.05029296875,352.260009765625
2022-01-03,177.93968200683594,391.1861877441406,450.64447021484375,399.9266662597656
2022-01-04,175.6813507080078,386.1123046875,450.4934997558594,383.1966552734375
2022-01-05,171.00827026367188,374.2505798339844,441.8430480957031,362.7066650390625
2022-01-06,168.15357971191406,373.987548828125,441.427978515625,354.8999938964844
2022-01-07,168.3197784423828,369.936279296875,439.6828308105469,342.32000732421875
2022-01-10,168.33935546875,370.17962646484375,439.1356506347656,352.7066650390625
2022-01-11,171.16468811035156,375.740478515625,443.13543701171875,354.79998779296875
2022-01-12,171.60467529296875,377.2305603027344,444.3334655761719,368.739990234375
2022-01-13,168.33935546875,367.7937316894531,438.2112121582031,343.85333251953125
2022-01-14,169.19964599609375,370.0823059082031,438.390380859375,349.8699951171875
2022-01-18,166.00277709960938,360.8694763183594,430.6266784667969,343.5033264160156
2022-01-19,162.51260375976562,356.90582275390625,426.1553039550781,331.8833312988281
2022-01-20,160.83106994628906,352.2701110839844,421.4385070800781,332.0899963378906
2022-01-21,158.7780303955078,342.5021667480469,413.16546630859375,314.6333312988281
2022-01-24,158.00570678710938,344.0701599121094,414.9200134277344,310.0
2022-01-25,156.20681762695312,336.0941467285156,409.854248046875,306.1333312988281
2022-01-26,156.118896484375,335.56817626953125,408.8260498046875,312.4700012207031
2022-01-27,155.6593780517578,332.1888732910156,406.8072814941406,276.3666687011719
2022-01-28,166.5209197998047,342.6093444824219,416.9105529785156,282.1166687011719
2022-01-31,170.8714141845703,353.5653991699219,424.4194641113281,312.239990234375
2022-02-01,170.70523071289062,355.97088623046875,427.2872619628906,310.4166564941406
2022-02-02,171.90769958496094,358.86328125,431.43798828125,301.88665771484375
2022-02-03,169.03347778320312,344.3135681152344,421.29705810546875,297.0466613769531
2022-02-04,168.74957275390625,348.6571044921875,423.278076171875,307.7733459472656
2022-02-07,168.0349884033203,345.852294921875,421.91961669921875,302.4466552734375
2022-02-08,171.13807678222656,349.738037109375,425.39117431640625,307.3333435058594
2022-02-09,172.55743408203125,357.1492919921875,431.6171569824219,310.6666564941406
2022-02-10,168.4853057861328,349.06610107421875,423.8630065917969,301.51666259765625
2022-02-11,165.0787811279297,337.9931335449219,415.5048828125,286.6666564941406
2022-02-14,165.31370544433594,338.4118957519531,414.1464538574219,291.9200134277344
2022-02-15,169.14112854003906,346.8262023925781,420.82537841796875,307.4766540527344
2022-02-16,168.90621948242188,346.7385559082031,421.29705810546875,307.7966613769531
2022-02-17,165.31370544433594,336.4251708984375,412.29754638671875,292.1166687011719
2022-02-18,163.7670440673828,332.5881042480469,409.62786865234375,285.6600036621094
2022-02-22,160.84996032714844,329.2477111816406,405.23187255859375,273.84332275390625
2022-02-23,156.6897735595703,320.81402587890625,398.04364013671875,254.67999267578125
2022-02-24,159.30337524414062,331.5947265625,404.0338439941406,266.92333984375
2022-02-25,161.3688201904297,336.73687744140625,412.9485168457031,269.9566650390625
2022-02-28,161.63308715820312,337.7398986816406,411.8919372558594,290.1433410644531
2022-03-01,159.75367736816406,332.5686340332031,405.6186828613281,288.1233215332031
2022-03-02,163.04270935058594,338.14898681640625,413.08050537109375,293.2966613769531
2022-03-03,162.7196502685547,333.3185729980469,411.0240173339844,279.7633361816406
2022-03-04,159.72427368164062,328.4880676269531,407.6846008300781,279.42999267578125
2022-03-07,155.93605041503906,316.373046875,395.66632080078125,268.1933288574219
2022-03-08,154.11526489257812,314.902587890625,392.6665954589844,274.79998779296875
2022-03-09,159.50894165039062,326.23846435546875,403.1943054199219,286.3233337402344
2022-03-10,155.17250061035156,322.61566162109375,401.3736572265625,279.4333190917969
2022-03-11,151.46250915527344,315.92510986328125,396.2701721191406,265.1166687011719
2022-03-14,147.4392852783203,309.85791015625,393.37408447265625,255.4566650390625
2022-03-15,151.81491088867188,319.5771179199219,402.0245361328125,267.2966613769531
2022-03-16,156.2198944091797,331.4292297363281,410.9391174316406,280.07666015625
2022-03-17,157.22813415527344,335.441650390625,416.0804138183594,290.5333251953125
2022-03-18,160.51719665527344,342.3074035644531,420.6375732421875,301.7966613769531
2022-03-21,161.8876495361328,341.355712890625,420.5145568847656,307.0533447265625
2022-03-22,165.25494384765625,348.06427001953125,425.4351501464844,331.32666015625
2022-03-23,166.6156005859375,343.06207275390625,419.9562683105469,333.03668212890625
2022-03-24,170.3941192626953,350.6872253417969,426.286865234375,337.97332763671875
2022-03-25,171.03036499023438,350.3947448730469,428.36859130859375,336.8800048828125
2022-03-28,171.89181518554688,355.8161926269531,431.4156799316406,363.9466552734375
2022-03-29,175.18084716796875,361.9396667480469,436.7526550292969,366.5233459472656
2022-03-30,174.01596069335938,357.9418640136719,434.0557556152344,364.663330078125
2022-03-31,170.92271423339844,353.50518798828125,427.37506103515625,359.20001220703125
2022-04-01,170.62904357910156,352.8324279785156,428.5862731933594,361.5299987792969
2022-04-04,174.6718292236328,360.09674072265625,432.25787353515625,381.8166809082031
2022-04-05,171.36318969726562,352.1011657714844,426.79779052734375,363.7533264160156
2022-04-06,168.20140075683594,344.45648193359375,422.5301513671875,348.586669921875
2022-04-07,168.5048370361328,345.27557373046875,424.6592712402344,352.4200134277344
2022-04-08,166.4981689453125,340.44891357421875,423.523681640625,341.8299865722656
2022-04-11,162.24977111816406,332.394775390625,416.28466796875,325.30999755859375
2022-04-12,164.11949157714844,330.9906921386719,414.74237060546875,328.98333740234375
2022-04-13,166.80160522460938,337.7187194824219,419.4925842285156,340.7900085449219
2022-04-14,161.79949951171875,329.99603271484375,414.26922607421875,328.3333435058594
2022-04-18,161.58413696289062,330.2495422363281,414.4394836425781,334.7633361816406
2022-04-19,163.86495971679688,337.63092041015625,421.1296081542969,342.7166748046875
2022-04-20,163.6985321044922,332.7067565917969,420.81732177734375,325.73333740234375
2022-04-21,162.9056396484375,325.8226623535156,414.52471923828125,336.260009765625
2022-04-22,158.37339782714844,317.2907409667969,403.1504211425781,335.01666259765625
2022-04-25,159.4404296875,321.3666076660156,405.4878234863281,332.67333984375
2022-04-26,153.48880004882812,309.23663330078125,393.7445068359375,292.1400146484375
2022-04-27,153.26364135742188,308.86614990234375,394.8515625,293.836669921875
2022-04-28,160.18435668945312,319.8357849121094,404.8253479003906,292.5033264160156
2022-04-29,154.3208465576172,305.4435729980469,389.86480712890625,290.2533264160156
2022-05-02,154.62428283691406,310.54327392578125,392.2115478515625,300.9800109863281
2022-05-03,156.11219787597656,310.8747863769531,394.00946044921875,303.0833435058594
2022-05-04,162.5140838623047,321.3861389160156,406.00811767578125,317.5400085449219
2022-05-05,153.45944213867188,305.1997985839844,391.5776062011719,291.09332275390625
2022-05-06,154.1848602294922,301.5432434082031,389.2402038574219,288.54998779296875
2022-05-09,149.06759643554688,289.7448425292969,376.77783203125,262.3699951171875
2022-05-10,151.4693603515625,293.26483154296875,377.6483459472656,266.67999267578125
2022-05-11,143.6169891357422,284.56719970703125,371.6490783691406,244.6666717529297
2022-05-12,139.7545623779297,283.894287109375,371.2610778808594,242.6666717529297
2022-05-13,144.2150115966797,294.4153747558594,380.1370849609375,256.5299987792969
2022-05-16,142.67588806152344,291.002685546875,378.5946350097656,241.4566650390625
2022-05-17,146.3031005859375,298.5400085449219,386.3824462890625,253.8699951171875
2022-05-18,138.0487823486328,283.884521484375,370.80682373046875,236.60333251953125
2022-05-19,134.64707946777344,282.3634033203125,368.5357666015625,236.47332763671875
2022-05-20,134.8823699951172,281.48583984375,368.6966247558594,221.3000030517578
2022-05-23,140.29373168945312,286.1662902832031,375.5950012207031,224.96665954589844
2022-05-24,137.5978240966797,280.08172607421875,372.7278137207031,209.3866729736328
2022-05-25,137.75473022460938,284.0015869140625,376.0207824707031,219.60000610351562
2022-05-26,140.9505157470703,291.8704833984375,383.5342712402344,235.91000366210938
2022-05-27,146.69520568847656,301.39697265625,392.9496154785156,253.2100067138672
2022-05-31,145.91091918945312,300.59747314453125,390.74481201171875,252.75332641601562
2022-06-01,145.78350830078125,298.374267578125,387.584228515625,246.7899932861328
2022-06-02,148.2343292236328,306.54541015625,394.96514892578125,258.3333435058594
2022-06-03,142.51901245117188,298.56927490234375,388.4832458496094,234.51666259765625
2022-06-06,143.26409912109375,299.5638427734375,389.66607666015625,238.27999877929688
2022-06-07,145.78350830078125,302.1477355957031,393.4038391113281,238.8866729736328
2022-06-08,145.0482940673828,299.9733581542969,389.12664794921875,241.86666870117188
2022-06-09,139.83297729492188,291.9386901855469,379.8720703125,239.7066650390625
2022-06-10,134.43141174316406,281.641845703125,368.8575439453125,232.22999572753906
2022-06-13,129.28472900390625,268.546630859375,354.8526611328125,215.73666381835938
2022-06-14,130.1473846435547,269.0341796875,353.78338623046875,220.88999938964844
2022-06-15,132.764892578125,275.7524108886719,358.8269958496094,233.0
2022-06-16,127.5005111694336,264.6268005371094,346.95123291015625,213.10000610351562
2022-06-17,128.97103881835938,267.8445129394531,347.69921875,216.75999450683594
2022-06-21,133.19615173339844,274.60211181640625,356.4520568847656,237.0366668701172
2022-06-22,132.6864471435547,274.2015686035156,355.8057861328125,236.086669921875
2022-06-23,135.54901123046875,278.2852783203125,359.2935791015625,235.07000732421875
2022-06-24,138.87225341796875,287.8203125,370.7169189453125,245.7066650390625
2022-06-27,138.87225341796875,285.7100830078125,369.3008728027344,244.9199981689453
2022-06-28,134.73532104492188,277.0054931640625,361.7550354003906,232.663330078125
2022-06-29,136.49009704589844,277.2593994140625,361.4604187011719,228.49000549316406
2022-06-30,134.0294647216797,273.8205261230469,358.5238342285156,224.47332763671875
2022-07-01,136.1959228515625,275.6279296875,362.31573486328125,227.26333618164062
2022-07-05,138.77423095703125,280.3465576171875,363.0000305175781,233.06666564941406
2022-07-06,140.10740661621094,282.1441650390625,364.2259826660156,231.73333740234375
2022-07-07,143.46995544433594,288.1817321777344,369.68109130859375,244.5433349609375
2022-07-08,144.1463623046875,288.5433044433594,369.3769836425781,250.76333618164062
2022-07-11,142.01910400390625,282.3786926269531,365.1573181152344,234.3433380126953
2022-07-12,142.9896240234375,279.64312744140625,361.92608642578125,233.07000732421875
2022-07-13,142.62689208984375,279.0668640136719,360.025390625,237.0399932861328
2022-07-14,145.54823303222656,280.0633239746094,359.15106201171875,238.31333923339844
2022-07-15,147.2147979736328,285.1434326171875,366.0126647949219,240.06666564941406
2022-07-18,144.17579650878906,282.7303771972656,362.99053955078125,240.54666137695312
2022-07-19,148.02845764160156,291.4252014160156,372.7981872558594,245.52999877929688
2022-07-20,150.02830505371094,296.04620361328125,375.1741943359375,247.5
2022-07-21,152.2928466796875,300.2960205078125,378.99462890625,271.7066650390625
2022-07-22,151.0576629638672,295.0302429199219,375.4783020019531,272.24334716796875
2022-07-25,149.9400634765625,293.3498840332031,375.93450927734375,268.4333190917969
2022-07-26,148.61663818359375,287.5858459472656,371.48681640625,258.8599853515625
2022-07-27,153.70452880859375,299.7391357421875,381.1329040527344,274.82000732421875
2022-07-28,154.2534942626953,302.6699523925781,385.9132995605469,280.8999938964844
2022-07-29,159.31195068359375,308.1897888183594,391.5393371582031,297.1499938964844
2022-08-01,158.3316192626953,308.004150390625,390.3799133300781,297.27667236328125
2022-08-02,156.8611297607422,307.0858459472656,387.804443359375,300.586669921875
2022-08-03,162.8607177734375,315.4485778808594,393.8772277832031,307.39666748046875
2022-08-04,162.54702758789062,316.9237060546875,393.6111755371094,308.6333312988281
2022-08-05,162.3212432861328,314.3348693847656,392.9458923339844,288.1700134277344
2022-08-08,161.85000610351562,313.31878662109375,392.4897155761719,290.42333984375
2022-08-09,161.8990936279297,309.77239990234375,390.93109130859375,283.3333435058594
2022-08-10,166.13999938964844,318.4184875488281,399.1423034667969,294.3566589355469
2022-08-11,165.40370178222656,316.6111145019531,399.1423034667969,286.6300048828125
2022-08-12,168.9475860595703,322.77569580078125,405.8993225097656,300.0299987792969
2022-08-15,170.01760864257812,325.3841552734375,407.5718688964844,309.32000732421875
2022-08-16,169.86056518554688,324.6221008300781,408.3702392578125,306.5633239746094
2022-08-17,171.35269165039062,320.9194641113281,405.4716491699219,303.9966735839844
2022-08-18,170.96002197265625,321.69134521484375,406.6501770019531,302.8699951171875
2022-08-19,168.378173828125,315.41925048828125,401.18548583984375,296.6666564941406
2022-08-22,164.50054931640625,307.1151123046875,392.8318176269531,289.913330078125
2022-08-23,164.1667938232422,306.8611145019531,391.8815002441406,296.4533386230469
2022-08-24,164.46128845214844,307.75018310546875,393.1359558105469,297.0966796875
2022-08-25,166.91549682617188,313.1917724609375,398.6860656738281,296.07000732421875
2022-08-26,160.62289428710938,300.3545837402344,385.19097900390625,288.0899963378906
2022-08-29,158.42391967773438,297.3944091796875,382.64398193359375,284.82000732421875
2022-08-30,155.99916076660156,294.0825500488281,378.4433898925781,277.70001220703125
2022-08-31,154.34011840820312,292.3729248046875,375.56378173828125,275.6099853515625
2022-09-01,155.06658935546875,292.4998779296875,376.74224853515625,277.1600036621094
2022-09-02,152.95594787597656,288.3674011230469,372.76971435546875,270.2099914550781
2022-09-06,151.69937133789062,286.2962341308594,371.3631591796875,274.4200134277344
2022-09-07,153.1032257080078,292.079833984375,378.0347595214844,283.70001220703125
2022-09-08,151.63067626953125,293.5940856933594,380.5057067871094,289.260009765625
2022-09-09,154.4873809814453,300.0126953125,386.4168701171875,299.67999267578125
2022-09-12,160.43637084960938,303.57855224609375,390.5700378417969,304.4200134277344
2022-09-13,151.02207946777344,286.93121337890625,373.5870666503906,292.1300048828125
2022-09-14,152.4651336669922,289.20751953125,375.0126953125,302.6099853515625
2022-09-15,149.5789794921875,284.3911437988281,370.7550048828125,303.75
2022-09-16,147.93959045410156,282.6521301269531,367.9264831542969,303.3500061035156
2022-09-19,151.65032958984375,284.8533630371094,370.77972412109375,309.07000732421875
2022-09-20,154.0260009765625,282.5827331542969,366.5237731933594,308.7300109863281
2022-09-21,150.9042510986328,277.5227966308594,360.1302185058594,300.79998779296875
2022-09-22,149.94223022460938,274.1071472167969,357.10516357421875,288.5899963378906
2022-09-23,147.67449951171875,269.6441650390625,351.1219177246094,275.3299865722656
2022-09-26,148.00827026367188,268.5284423828125,347.6483154296875,276.010009765625
2022-09-27,148.9801483154297,268.63616943359375,346.7608947753906,282.94000244140625
2022-09-28,147.09530639648438,273.9798278808594,353.5838928222656,287.80999755859375
2022-09-29,139.8701171875,266.0816650390625,346.19793701171875,268.2099914550781
2022-09-30,135.66854858398438,261.56982421875,340.844482421875,265.25
2022-10-03,139.84066772460938,267.70635986328125,349.8431701660156,242.39999389648438
2022-10-04,143.42384338378906,276.1232604980469,360.6836853027344,249.44000244140625
2022-10-05,143.7183380126953,275.9764099121094,359.8438720703125,240.80999755859375
2022-10-06,142.76608276367188,273.8037414550781,356.1318359375,238.1300048828125
2022-10-07,137.52394104003906,263.3706359863281,346.19793701171875,223.07000732421875
2022-10-10,137.8478546142578,260.7379150390625,343.5545349121094,222.9600067138672
2022-10-11,136.43426513671875,257.15582275390625,341.3788146972656,216.5
2022-10-12,135.80596923828125,257.0677795410156,340.2527770996094,217.24000549316406
2022-10-13,140.37078857421875,263.0965881347656,349.2324523925781,221.72000122070312
2022-10-14,135.8452606201172,255.1886444091797,341.2738952636719,204.99000549316406
2022-10-17,139.80145263671875,263.6153564453125,350.04364013671875,219.35000610351562
2022-10-18,141.11691284179688,265.70001220703125,354.156494140625,220.19000244140625
2022-10-19,141.224853515625,264.7310791015625,351.6466369628906,222.0399932861328
2022-10-20,140.76344299316406,263.38043212890625,348.69805908203125,207.27999877929688
2022-10-21,144.57240295410156,269.55609130859375,357.1719665527344,214.44000244140625
2022-10-24,146.71249389648438,272.52154541015625,361.54248046875,211.25
2022-10-25,149.54949951171875,278.15899658203125,367.3157958984375,222.4199981689453
2022-10-26,146.61434936523438,272.0126647949219,364.54840087890625,224.63999938964844
2022-10-27,142.14764404296875,267.0604248046875,362.6017150878906,225.08999633789062
2022-10-28,152.88726806640625,275.2325744628906,371.228271484375,228.52000427246094
2022-10-31,150.53118896484375,272.0322265625,368.5467834472656,227.5399932861328
2022-11-01,147.8905029296875,269.2526550292969,366.93408203125,227.82000732421875
2022-11-02,142.3734130859375,260.02349853515625,357.7254638671875,214.97999572753906
2022-11-03,136.33607482910156,254.94398498535156,354.0419921875,215.30999755859375
2022-11-04,136.07058715820312,259.04473876953125,359.1377868652344,207.47000122070312
2022-11-07,136.60157775878906,261.89276123046875,362.5731201171875,197.0800018310547
2022-11-08,137.17189025878906,263.8013000488281,364.529296875,191.3000030517578
2022-11-09,132.61915588378906,257.7137145996094,357.0192565917969,177.58999633789062
2022-11-10,144.4188690185547,276.73004150390625,376.6390380859375,190.72000122070312
2022-11-11,147.20169067382812,281.8290710449219,380.2842712402344,195.97000122070312
2022-11-14,145.80535888671875,279.3627624511719,377.0492858886719,190.9499969482422
2022-11-15,147.53598022460938,283.2287292480469,380.26519775390625,194.4199981689453
2022-11-16,146.30685424804688,279.3627624511719,377.3641662597656,186.9199981689453
2022-11-17,148.2046356201172,278.74615478515625,376.2095642089844,183.1699981689453
2022-11-18,148.76513671875,278.7559509277344,377.9176330566406,180.19000244140625
2022-11-21,145.5398712158203,275.8883361816406,376.5436096191406,167.8699951171875
2022-11-22,147.67361450195312,279.8619079589844,381.6107177734375,169.91000366210938
2022-11-23,148.54879760742188,282.6708068847656,384.0154724121094,183.1999969482422
2022-11-25,145.63821411132812,280.81121826171875,383.9295959472656,182.86000061035156
2022-11-28,141.81314086914062,276.6908874511719,377.80316162109375,182.9199981689453
2022-11-29,138.81402587890625,274.5964660644531,377.1542663574219,180.8300018310547
2022-11-30,145.5595703125,287.1141662597656,389.0348815917969,194.6999969482422
2022-12-01,145.83489990234375,287.46649169921875,388.74859619140625,194.6999969482422
2022-12-02,145.34323120117188,286.3213806152344,388.30010986328125,194.86000061035156
2022-12-05,144.18292236328125,281.51593017578125,381.3148498535156,182.4499969482422
2022-12-06,140.5249481201172,275.68280029296875,375.81829833984375,179.82000732421875
2022-12-07,138.587890625,274.557373046875,375.1789245605469,174.0399932861328
2022-12-08,140.26931762695312,277.8066101074219,378.1180114746094,173.44000244140625
2022-12-09,139.78750610351562,276.03515625,375.2934875488281,179.0500030517578
2022-12-12,142.07858276367188,279.4997863769531,380.7041320800781,167.82000732421875
2022-12-13,143.04226684570312,282.50445556640625,383.58599853515625,160.9499969482422
2022-12-14,140.81996154785156,280.4100646972656,381.1335754394531,156.8000030517578
2022-12-15,134.2219696044922,270.994873046875,371.8103942871094,157.6699981689453
2022-12-16,132.26515197753906,268.4110412597656,367.4206848144531,150.22999572753906
2022-12-19,130.16087341308594,264.6388854980469,364.30511474609375,149.8699951171875
2022-12-20,130.092041015625,264.432861328125,364.80364990234375,137.8000030517578
2022-12-21,133.1894989013672,268.2687683105469,370.2583312988281,137.57000732421875
2022-12-22,130.02320861816406,261.7055969238281,364.9761657714844,125.3499984741211
2022-12-23,129.65939331054688,262.2940673828125,367.07562255859375,123.1500015258789
2022-12-27,127.85995483398438,258.5857849121094,365.6280212402344,109.0999984741211
2022-12-28,123.93653106689453,255.17172241210938,361.08404541015625,112.70999908447266
2022-12-29,127.44696807861328,261.3915710449219,367.58367919921875,121.81999969482422
2022-12-30,127.7615966796875,261.2347412109375,366.615478515625,123.18000030517578
2023-01-03,122.98271942138672,259.4687805175781,365.07208251953125,108.0999984741211
2023-01-04,124.25117492675781,260.7048645019531,367.8904724121094,113.63999938964844
2023-01-05,122.93354797363281,256.6236877441406,363.6916198730469,110.33999633789062
2023-01-06,127.45679473876953,263.70684814453125,372.0318603515625,113.05999755859375
2023-01-09,127.97794342041016,265.41387939453125,371.8209228515625,119.7699966430664
2023-01-10,128.54824829101562,267.66046142578125,374.4284362792969,118.8499984741211
2023-01-11,131.26223754882812,272.2910461425781,379.1642150878906,123.22000122070312
2023-01-12,131.1835174560547,273.7626647949219,380.5446472167969,123.55999755859375
2023-01-13,132.51097106933594,275.6462707519531,382.02093505859375,122.4000015258789
2023-01-17,133.67129516601562,276.2054748535156,381.32110595703125,131.49000549316406
2023-01-18,132.95350646972656,272.6148376464844,375.3008117675781,128.77999877929688
2023-01-19,133.01251220703125,269.9365539550781,372.5686950683594,127.16999816894531
2023-01-20,135.56907653808594,277.3238220214844,379.5093078613281,133.4199981689453
2023-01-23,138.75503540039062,283.48492431640625,384.0628662109375,143.75
2023-01-24,140.15130615234375,282.90606689453125,383.6506652832031,143.88999938964844
2023-01-25,139.49252319335938,282.27813720703125,383.7944641113281,144.42999267578125
2023-01-26,141.55746459960938,287.78192138671875,388.0124816894531,160.27000427246094
2023-01-27,143.49459838867188,290.64654541015625,388.9040222167969,177.89999389648438
2023-01-30,140.61349487304688,284.7699890136719,384.02447509765625,166.66000366210938
2023-01-31,141.8819580078125,289.03765869140625,389.6708984375,173.22000122070312
2023-02-01,143.00291442871094,295.21826171875,393.81231689453125,181.41000366210938
2023-02-02,148.30296325683594,305.8136291503906,399.5450439453125,188.27000427246094
2023-02-03,151.92156982421875,300.3786315917969,395.2982177734375,189.97999572753906
2023-02-06,149.19778442382812,297.837646484375,392.8824157714844,194.75999450683594
2023-02-07,152.06903076171875,304.0085144042969,398.02081298828125,196.80999755859375
2023-02-08,149.3845977783203,298.6029052734375,393.6684875488281,201.2899932861328
2023-02-09,148.35214233398438,295.9638671875,390.2557678222656,207.32000732421875
2023-02-10,148.71649169921875,294.0213928222656,391.16644287109375,196.88999938964844
2023-02-13,151.513427734375,298.73046875,395.75836181640625,194.63999938964844
2023-02-14,150.87326049804688,300.9377746582031,395.5762023925781,209.25
2023-02-15,152.970947265625,303.2432556152344,396.86077880859375,214.24000549316406
2023-02-16,151.37550354003906,297.5531921386719,391.39654541015625,202.0399932861328
2023-02-17,150.23313903808594,295.4537048339844,390.4187316894531,208.30999755859375
2023-02-21,146.2249298095703,288.4588317871094,382.5865173339844,197.3699951171875
2023-02-22,146.64840698242188,288.6746826171875,382.0592956542969,200.86000061035156
2023-02-23,147.13095092773438,291.19598388671875,384.0916442871094,202.07000732421875
2023-02-24,144.4818572998047,286.3200988769531,379.9885559082031,196.8800048828125
2023-02-27,145.67344665527344,288.3704833984375,381.2828063964844,207.6300048828125
2023-02-28,145.17120361328125,287.99774169921875,379.8735656738281,205.7100067138672
2023-03-01,143.10308837890625,285.6824645996094,378.4164123535156,202.77000427246094
2023-03-02,143.6939697265625,288.0467529296875,381.3594970703125,190.89999389648438
2023-03-03,148.73623657226562,294.00177001953125,387.47564697265625,197.7899932861328
2023-03-06,151.49366760253906,294.3352966308594,387.74407958984375,193.80999755859375
2023-03-07,149.2975616455078,290.7250061035156,381.8003845214844,187.7100067138672
2023-03-08,150.5482635498047,292.1770324707031,382.4235534667969,182.0
2023-03-09,148.30288696289062,287.11480712890625,375.3678283691406,172.9199981689453
2023-03-10,146.24464416503906,283.0826416015625,369.9515380859375,173.44000244140625
2023-03-13,148.18472290039062,285.18206787109375,369.42425537109375,174.47999572753906
2023-03-14,150.27255249023438,291.7355041503906,375.5308837890625,183.25999450683594
2023-03-15,150.66647338867188,293.2659912109375,373.1822509765625,180.4499969482422
2023-03-16,153.48301696777344,300.9966735839844,379.7297058105469,184.1300048828125
2023-03-17,152.64590454101562,299.5741271972656,375.28973388671875,180.1300048828125
2023-03-20,155.00946044921875,300.6373291015625,378.8983459472656,183.25
2023-03-21,156.8609161376953,304.9311828613281,383.8734436035156,197.5800018310547
2023-03-22,155.4329376220703,300.78466796875,377.3298034667969,191.14999389648438
2023-03-23,156.5162353515625,304.3514099121094,378.34979248046875,192.22000122070312
2023-03-24,157.81617736816406,305.4715881347656,380.8326110839844,190.41000366210938
2023-03-27,155.8760986328125,303.3786315917969,381.5447082519531,191.80999755859375
2023-03-28,155.2556915283203,301.76727294921875,380.6882629394531,189.19000244140625
2023-03-29,158.3283233642578,307.2696228027344,386.22149658203125,193.8800048828125
2023-03-30,159.89414978027344,310.1781311035156,388.48297119140625,195.27999877929688
2023-03-31,162.3955535888672,315.3365173339844,393.95843505859375,207.4600067138672
2023-04-03,163.6462860107422,314.57012939453125,395.4596862792969,194.77000427246094
2023-04-04,163.11451721191406,313.50897216796875,393.2655334472656,192.5800018310547
2023-04-05,161.27288818359375,310.4138488769531,392.2359313964844,185.52000427246094
2023-04-06,162.15921020507812,312.5067443847656,393.76593017578125,185.05999755859375
2023-04-10,159.5691680908203,312.32989501953125,394.17010498046875,184.50999450683594
2023-04-11,158.35784912109375,310.3254089355469,394.2759704589844,186.7899932861328
2023-04-12,157.66845703125,307.5840759277344,392.6689758300781,180.5399932861328
2023-04-13,163.04554748535156,313.607177734375,397.8846740722656,185.89999389648438
2023-04-14,162.70083618164062,313.0176696777344,396.9127502441406,185.0
2023-04-17,162.72055053710938,313.2829895019531,398.3369445800781,187.0399932861328
2023-04-18,163.94171142578125,313.3025817871094,398.5967712402344,184.30999755859375
2023-04-19,165.0841522216797,313.1552734375,398.5293884277344,180.58999633789062
2023-04-20,164.11898803710938,310.767578125,396.35455322265625,162.99000549316406
2023-04-21,162.51376342773438,311.091796875,396.66253662109375,165.0800018310547
2023-04-24,162.81903076171875,310.4433288574219,397.0762634277344,162.5500030517578
2023-04-25,161.28273010253906,304.5872497558594,390.7732238769531,160.6699981689453
2023-04-26,161.27288818359375,306.43438720703125,389.1180419921875,153.75
2023-04-27,165.85226440429688,314.7666931152344,396.8646240234375,160.19000244140625
2023-04-28,167.10293579101562,316.9380798339844,400.251953125,164.30999755859375
2023-05-01,167.01434326171875,316.5745544433594,399.8477783203125,161.8300018310547
2023-05-02,165.98028564453125,313.8136291503906,395.353759765625,160.30999755859375
2023-05-03,164.90684509277344,311.760009765625,392.64007568359375,160.61000061035156
2023-05-04,163.27203369140625,310.6595153808594,389.8590393066406,161.1999969482422
2023-05-05,170.93389892578125,317.262451171875,397.0762634277344,170.05999755859375
2023-05-08,170.86495971679688,318.0484924316406,397.1821594238281,171.7899932861328
2023-05-09,169.16122436523438,316.0341796875,395.4403991699219,169.14999389648438
2023-05-10,170.92404174804688,319.47320556640625,397.28802490234375,168.5399932861328
2023-05-11,171.11114501953125,320.5146789550781,396.5951843261719,172.0800018310547
2023-05-12,170.1841278076172,319.3651428222656,396.07550048828125,167.97999572753906
2023-05-15,169.69105529785156,321.0943908691406,397.4420166015625,166.35000610351562
2023-05-16,169.69105529785156,321.45794677734375,394.7860412597656,166.52000427246094
2023-05-17,170.30250549316406,325.3489990234375,399.57830810546875,173.86000061035156
2023-05-18,172.62986755371094,331.3917236328125,403.4275207519531,176.88999938964844
2023-05-19,172.7383575439453,330.64501953125,402.840576171875,180.13999938964844
2023-05-22,171.79159545898438,331.7552490234375,403.0041198730469,188.8699951171875
2023-05-23,169.1881103515625,327.5499267578125,398.4812316894531,185.77000427246094
2023-05-24,169.46424865722656,325.8697204589844,395.5943908691406,182.89999389648438
2023-05-25,170.59835815429688,333.7990417480469,399.0202331542969,184.47000122070312
2023-05-26,173.00462341308594,342.32781982421875,404.18768310546875,193.1699981689453
2023-05-30,174.8487548828125,343.8802490234375,404.3417053222656,201.16000366210938
2023-05-31,174.7994842529297,341.9248962402344,402.099609375,203.92999267578125
2023-06-01,177.6001739501953,345.8748779296875,405.919921875,207.52000427246094
2023-06-02,178.44830322265625,348.4688720703125,411.78997802734375,213.97000122070312
2023-06-05,177.09722900390625,348.71441650390625,411.0008850097656,217.61000061035156
2023-06-06,176.73236083984375,348.6554870605469,411.8957214355469,221.30999755859375
2023-06-07,175.361572265625,342.740478515625,410.4715881347656,224.57000732421875
2023-06-08,178.0735626220703,346.9949645996094,412.9543762207031,234.86000061035156
2023-06-09,178.45816040039062,348.32147216796875,413.6953430175781,244.39999389648438
2023-06-12,181.24900817871094,354.2070617675781,417.4483642578125,249.8300018310547
2023-06-13,180.7756805419922,356.9287414550781,420.2004699707031,258.7099914550781
2023-06-14,181.4068145751953,359.52276611328125,420.7008972167969,256.7900085449219
2023-06-15,183.43832397460938,363.80682373046875,425.9166259765625,255.89999389648438
2023-06-16,182.36341857910156,361.5174255371094,424.46588134765625,260.5400085449219
2023-06-20,182.45217895507812,360.9998779296875,422.26361083984375,274.45001220703125
2023-06-21,181.4166717529297,356.08026123046875,420.10009765625,259.4599914550781
2023-06-22,184.41464233398438,360.2816162109375,421.61651611328125,264.6099853515625
2023-06-23,184.0990753173828,356.7100524902344,418.4291076660156,256.6000061035156
2023-06-26,182.7085723876953,351.9281005859375,416.7195129394531,241.0500030517578
2023-06-27,185.4600067138672,357.9792175292969,421.28814697265625,250.2100067138672
2023-06-28,186.633544921875,358.67779541015625,421.5005798339844,256.239990234375
2023-06-29,186.96884155273438,357.9595031738281,423.16192626953125,257.5
2023-06-30,191.28829956054688,363.4793701171875,428.1554870605469,261.7699890136719
2023-07-03,189.7991485595703,364.3353576660156,428.64813232421875,279.82000732421875
2023-07-05,188.68479919433594,364.32550048828125,428.01068115234375,282.4800109863281
2023-07-06,189.1581573486328,361.5508728027344,424.65899658203125,276.5400085449219
2023-07-07,188.0437469482422,360.3504638671875,423.5868835449219,274.42999267578125
2023-07-10,186.00238037109375,360.4684753417969,424.65899658203125,269.6099853515625
2023-07-11,185.47970581054688,362.2494201660156,427.36346435546875,269.7900085449219
2023-07-12,187.14637756347656,366.82464599609375,430.80206298828125,271.989990234375
2023-07-13,187.90570068359375,373.0528259277344,434.22125244140625,277.8999938964844
2023-07-14,188.05364990234375,372.9741516113281,433.9508056640625,281.3800048828125
2023-07-17,191.30801391601562,376.4571533203125,435.45758056640625,290.3800048828125
2023-07-18,191.05160522460938,379.53692626953125,438.6932678222656,293.3399963378906
2023-07-19,192.40264892578125,379.44830322265625,439.6688537597656,291.260009765625
2023-07-20,190.45989990234375,370.70135498046875,436.7518310546875,262.8999938964844
2023-07-21,189.28636169433594,369.5894775390625,436.7518310546875,260.0199890136719
2023-07-24,190.08517456054688,370.1799011230469,438.70294189453125,269.05999755859375
2023-07-25,190.943115234375,372.6888122558594,439.9007263183594,265.2799987792969
2023-07-26,191.81097412109375,371.44903564453125,439.96826171875,264.3500061035156
2023-07-27,190.54867553710938,370.56353759765625,437.05133056640625,255.7100067138672
2023-07-28,193.12255859375,377.3132629394531,441.33013916015625,266.44000244140625
2023-07-31,193.73399353027344,377.510009765625,442.17041015625,267.42999267578125
2023-08-01,192.90562438964844,376.6343688964844,440.9051513671875,261.07000732421875
2023-08-02,189.91751098632812,368.36944580078125,434.7717590332031,254.11000061035156
2023-08-03,188.52699279785156,367.7790222167969,433.5257568359375,259.32000732421875
2023-08-04,179.47393798828125,366.05718994140625,431.5650939941406,253.86000061035156
2023-08-07,176.3773193359375,369.1564636230469,435.3320617675781,251.4499969482422
2023-08-08,177.31419372558594,366.0177917480469,433.4388732910156,249.6999969482422
2023-08-09,175.72645568847656,361.99365234375,430.541259765625,242.19000244140625
2023-08-10,175.50949096679688,362.66265869140625,430.69573974609375,245.33999633789062
2023-08-11,175.56875610351562,360.3504638671875,430.44464111328125,242.64999389648438
2023-08-14,177.2178955078125,364.3944091796875,432.8207092285156,239.75999450683594
2023-08-15,175.23300170898438,360.52752685546875,427.7789001464844,232.9600067138672
2023-08-16,174.364013671875,356.7100524902344,424.63970947265625,225.60000610351562
2023-08-17,171.8260955810547,352.81365966796875,421.40399169921875,219.22000122070312
2023-08-18,172.30999755859375,352.37091064453125,421.60687255859375,215.49000549316406
2023-08-21,173.64309692382812,358.0480651855469,424.3499755859375,231.27999877929688
2023-08-22,175.01573181152344,357.53643798828125,423.2005310058594,233.19000244140625
2023-08-23,178.85714721679688,363.1742858886719,427.9140319824219,236.86000061035156
2023-08-24,174.17637634277344,355.4111633300781,421.9835205078125,230.0399932861328
2023-08-25,176.3784942626953,358.1661682128906,424.95849609375,238.58999633789062
2023-08-28,177.93878173828125,360.8620910644531,427.6532897949219,238.82000732421875
2023-08-29,181.81967163085938,368.7432861328125,433.83489990234375,257.17999267578125
2023-08-30,185.30555725097656,370.7996826171875,435.62176513671875,256.8999938964844
2023-08-31,185.52281188964844,371.9115295410156,434.9843444824219,258.0799865722656
2023-09-01,187.0929718017578,371.5179138183594,435.7956237792969,245.00999450683594
2023-09-05,187.32997131347656,371.990234375,433.9122009277344,256.489990234375
2023-09-06,180.62478637695312,368.7137756347656,430.9952087402344,251.9199981689453
2023-09-07,175.34161376953125,366.0768737792969,429.6719970703125,251.49000549316406
2023-09-08,175.95387268066406,366.5885314941406,430.31915283203125,248.5
2023-09-11,177.11915588378906,370.9079284667969,433.149169921875,273.5799865722656
2023-09-12,174.0973663330078,366.7951354980469,430.7730712890625,267.4800109863281
2023-09-13,172.0334930419922,368.1922912597656,431.2752990722656,271.29998779296875
2023-09-14,173.54437255859375,371.2031555175781,434.9939880371094,276.0400085449219
2023-09-15,172.82347106933594,364.84698486328125,429.7530517578125,274.3900146484375
2023-09-18,175.74647521972656,365.2273254394531,430.00506591796875,265.2799987792969
2023-09-19,176.832763671875,364.4489440917969,429.1132507324219,266.5
2023-09-20,173.29750061035156,359.1969909667969,425.1683044433594,262.5899963378906
2023-09-21,171.75694274902344,352.6148681640625,418.1409606933594,255.6999969482422
2023-09-22,172.60621643066406,352.6642150878906,417.20074462890625,244.8800048828125
2023-09-25,173.88014221191406,354.3392028808594,418.95513916015625,246.99000549316406
2023-09-26,169.81158447265625,349.0184326171875,412.8001403808594,244.1199951171875
2023-09-27,168.30072021484375,349.8362731933594,412.9649658203125,240.5
2023-09-28,168.55743408203125,352.7627258300781,415.359130859375,246.3800048828125
2023-09-29,169.07093811035156,353.0189514160156,414.3510437011719,250.22000122070312
2023-10-02,171.57923889160156,355.965087890625,414.1862487792969,251.60000610351562
2023-10-03,170.24609375,349.718017578125,408.6419372558594,246.52999877929688
2023-10-04,171.49032592773438,354.47723388671875,411.6176452636719,261.1600036621094
2023-10-05,172.7247314453125,353.4327697753906,411.4625549316406,260.04998779296875
2023-10-06,175.27249145507812,359.3547058105469,416.3477783203125,260.5299987792969
2023-10-09,176.75376892089844,361.1873474121094,419.0132751464844,259.6700134277344
2023-10-10,176.1612548828125,363.1876525878906,421.1942138671875,263.6199951171875
2023-10-11,177.55361938476562,365.7792053222656,422.9195556640625,262.989990234375
2023-10-12,178.4522705078125,364.50799560546875,420.3412170410156,258.8699951171875
2023-10-13,176.61549377441406,359.92620849609375,418.2475280761719,251.1199951171875
2023-10-16,176.48712158203125,363.99566650390625,422.64813232421875,253.9199981689453
2023-10-17,174.93675231933594,362.8034362792969,422.62872314453125,254.85000610351562
2023-10-18,173.64309692382812,358.044189453125,416.9972229003906,242.67999267578125
2023-10-19,173.26783752441406,354.6940002441406,413.3332824707031,220.11000061035156
2023-10-20,170.7200927734375,349.4027099609375,408.25421142578125,211.99000549316406
2023-10-23,170.8385772705078,350.4570617675781,407.546630859375,212.0800018310547
2023-10-24,171.2731170654297,353.8663330078125,410.6192626953125,216.52000427246094
2023-10-25,168.96231079101562,345.20513916015625,404.7259826660156,212.4199981689453
2023-10-26,164.804931640625,338.6230773925781,399.8795471191406,205.75999450683594
2023-10-27,166.11831665039062,340.2489013671875,398.0669860839844,207.3000030517578
2023-10-30,168.1624298095703,344.08184814453125,402.826171875,197.36000061035156
2023-10-31,168.63648986816406,345.7273864746094,405.35601806640625,200.83999633789062
2023-11-01,171.79647827148438,351.7281494140625,409.6791076660156,205.66000366210938
2023-11-02,175.3515167236328,358.1131591796875,417.5303039550781,218.50999450683594
2023-11-03,174.4429931640625,362.320556640625,421.3395690917969,219.9600067138672
2023-11-06,176.99073791503906,363.798583984375,422.3088684082031,219.27000427246094
2023-11-07,179.54843139648438,367.2373962402344,423.5107727050781,222.17999267578125
2023-11-08,180.6050262451172,367.4738464355469,423.82098388671875,222.11000061035156
2023-11-09,180.13104248046875,364.6459655761719,420.5157470703125,209.97999572753906
2023-11-10,184.3136749267578,372.84405517578125,427.0777893066406,214.64999389648438
2023-11-13,182.7315673828125,371.68133544921875,426.6707458496094,223.7100067138672
2023-11-14,185.342041015625,379.68231201171875,434.94842529296875,237.41000366210938
2023-11-15,185.90565490722656,379.9681091308594,435.86920166015625,242.83999633789062
2023-11-16,187.58663940429688,380.2932434082031,436.4023132324219,233.58999633789062
2023-11-17,187.56686401367188,380.38189697265625,436.94512939453125,234.3000030517578
2023-11-20,189.30715942382812,385.0130615234375,440.30853271484375,235.60000610351562
2023-11-21,188.50621032714844,382.77630615234375,439.3489990234375,241.1999969482422
2023-11-22,189.168701171875,384.34295654296875,441.04522705078125,234.2100067138672
2023-11-24,187.84371948242188,383.801025390625,441.31658935546875,235.4499969482422
2023-11-27,187.66574096679688,383.466064453125,440.52178955078125,236.0800018310547
2023-11-28,188.26890563964844,384.4710693359375,440.95794677734375,246.72000122070312
2023-11-29,187.25045776367188,384.0966796875,440.64776611328125,244.13999938964844
2023-11-30,187.82395935058594,383.1310119628906,442.3828430175781,240.0800018310547
2023-12-01,189.09951782226562,384.22479248046875,444.99993896484375,238.8300018310547
2023-12-04,187.30975341796875,380.6578063964844,442.6639404296875,235.5800018310547
2023-12-05,191.25511169433594,381.61358642578125,442.5766296386719,238.72000122070312
2023-12-06,190.16741943359375,379.4064636230469,440.7931823730469,239.3699951171875
2023-12-07,192.09559631347656,384.70751953125,444.1565856933594,242.63999938964844
2023-12-08,193.5194854736328,386.4221496582031,446.06610107421875,243.83999633789062
2023-12-11,191.01780700683594,389.72296142578125,447.8011169433594,239.74000549316406
2023-12-12,192.5306854248047,392.8268127441406,449.8463439941406,237.00999450683594
2023-12-13,195.7443084716797,397.822509765625,456.0497741699219,239.2899932861328
2023-12-14,195.89260864257812,397.4776611328125,457.513427734375,251.0500030517578
2023-12-15,195.35865783691406,399.3990478515625,456.7601013183594,253.5
2023-12-18,193.69747924804688,401.9146423339844,459.3294372558594,252.0800018310547
2023-12-19,194.7357177734375,403.96832275390625,462.12255859375,257.2200012207031
2023-12-20,192.64935302734375,397.9654846191406,455.7187805175781,247.13999938964844
2023-12-21,192.50100708007812,402.5959777832031,460.03985595703125,254.5
2023-12-22,191.43310546875,403.1982116699219,460.96441650390625,252.5399932861328
2023-12-26,190.88926696777344,405.6665344238281,462.91082763671875,256.6099853515625
2023-12-27,190.9881134033203,406.4923095703125,463.747802734375,261.44000244140625
2023-12-28,191.41336059570312,406.2947692871094,463.92303466796875,253.17999267578125
2023-12-29,190.37506103515625,404.53643798828125,462.5799255371094,248.47999572753906
